ParkID,Name,Official,StreetNumber,StreetName,EWStreet,NSStreet,GoogleMapDest,Hectare,NeighbourhoodName,NeighbourhoodURL,Advisories,Facilities,SpecialFeatures,Washrooms
1,Alexis Park,1,4202,Valley Drive,King Edward Avenue,Valley Drive,"49.249783,-123.155250",1.41,Arbutus Ridge,http://vancouver.ca/community_profiles/arbutus_ridge/index.htm,N,Y,N,N
2,Curtis Park,1,2995,W 19th Avenue,W 19th Avenue,Mackenzie Street,"49.256555,-123.171406",3.79,Arbutus Ridge,http://vancouver.ca/community_profiles/arbutus_ridge/index.htm,N,Y,N,Y
3,Joy Park,1,4780,Haggart Street,W 32nd Avenue,Haggart Street,"49.244397,-123.156429",2.89,Arbutus Ridge,http://vancouver.ca/community_profiles/arbutus_ridge/index.htm,N,Y,N,N
4,Wenny Park,1,4309,Puget Drive,Puget Drive,MacDonald Street,"49.247723,-123.168194",1.19,Arbutus Ridge,http://vancouver.ca/community_profiles/arbutus_ridge/index.htm,N,N,N,N
