<?xml version="1.0"?>
<!DOCTYPE COVStreetTrees [
<!ELEMENT COVStreetTrees ( StreetTree+ ) >
<!ELEMENT StreetTree ( CivicNumber, StdStreet, NeighbourhoodName, Cell, OnStreet, OnStreetBlock, StreetSideName, Assigned, HeightRangeID, Diameter, DatePlanted, PlantArea, Rootbarrier, Curb, CultivarName, GenusName, SpeciesName, CommonName ) >
<!ELEMENT CivicNumber ( #PCDATA ) >
<!ELEMENT StdStreet ( #PCDATA ) >
<!ELEMENT NeighbourhoodName ( #PCDATA ) >
<!ELEMENT Cell ( #PCDATA ) >
<!ELEMENT OnStreet ( #PCDATA ) >
<!ELEMENT OnStreetBlock ( #PCDATA ) >
<!ELEMENT StreetSideName ( #PCDATA ) >
<!ELEMENT Assigned ( #PCDATA ) >
<!ELEMENT HeightRangeID ( #PCDATA ) >
<!ELEMENT Diameter ( #PCDATA ) >
<!ELEMENT DatePlanted ( #PCDATA ) >
<!ELEMENT PlantArea ( #PCDATA ) >
<!ELEMENT RootBarrier ( #PCDATA ) >
<!ELEMENT Curb ( #PCDATA ) >
<!ELEMENT CultivarName ( #PCDATA ) >
<!ELEMENT GenusName ( #PCDATA ) >
<!ELEMENT SpeciesName ( #PCDATA ) >
<!ELEMENT CommonName ( #PCDATA ) >
<!ATTLIST COVStreetTrees ExtractDate CDATA #REQUIRED >
<!ATTLIST StreetTree TreeID ID #REQUIRED >
]>
<COVStreetTrees ExtractDate="2015-07-12">
   <StreetTree TreeID="1000002">
    <CivicNumber>1111</CivicNumber>
    <StdStreet>W 35TH AV</StdStreet>
    <NeighbourhoodName>ARBUTUS RIDGE</NeighbourhoodName>
    <Cell>11</Cell>
    <OnStreet>TRAFALGAR ST</OnStreet>
    <OnStreetBlock>5000</OnStreetBlock>
    <StreetSideName>ODD</StreetSideName>
    <Assigned>N</Assigned>
    <HeightRangeID>5</HeightRangeID>
    <Diameter>31</Diameter>
    <DatePlanted/>
    <PlantArea>B</PlantArea>
    <RootBarrier>N</RootBarrier>
    <Curb>Y</Curb><CultivarName> </CultivarName>
    <GenusName>AESCULUS</GenusName>
    <SpeciesName>HIPPOCASTANUM</SpeciesName>
    <CommonName>OAK</CommonName>
  </StreetTree>
    <StreetTree TreeID="1000003">
    <CivicNumber>2633</CivicNumber>
    <StdStreet>GRANVILLE ST</StdStreet>
    <NeighbourhoodName>ARBUTUS RIDGE</NeighbourhoodName>
    <Cell>8</Cell>
    <OnStreet>MACDONALD ST</OnStreet>
    <OnStreetBlock>3900</OnStreetBlock>
    <StreetSideName>EVEN</StreetSideName>
    <Assigned>N</Assigned>
    <HeightRangeID>1</HeightRangeID>
    <Diameter>3</Diameter>
    <DatePlanted>20090227</DatePlanted>
    <PlantArea>3</PlantArea>
    <RootBarrier>N</RootBarrier>
    <Curb>Y</Curb><CultivarName>BOWHALL</CultivarName>
    <GenusName>ACER</GenusName>
    <SpeciesName>RUBRUM</SpeciesName>
    <CommonName>BOWHALL RED MAPLE</CommonName>
  </StreetTree>
</COVStreetTrees>